{
	"name": "C1 Frieght Tender",
	"model": "immersiverailroading:models/rolling_stock/tender/c1tender/c1tender.obj",
	"darken_model": "-0.05",
	"properties": {
		"weight_kg": 2037
	},
	"passenger": {
		"slots": 1,
		"center_x": 3.3,
		"center_y": 1.7,
		"length": 0.5,
		"width": 2,
		"should_sit": false
	},
	"tank": {
		"capacity_l":  30000
	},
	"tender": {
		"slots": 30,
		"width": 10,
		"show_current_load": true

	},
	"trucks": {
		"front": 2.95,
		"rear": -2.9
	},
	"couplers": {
        "front_offset": -0,
        "rear_offset": 0
	}
}