{
	"era": "steam",
	"name": "C1 Frieght",
	"works": "",
	"modeler": "Cinnabyn",
	"pack": "Cinnabyn's Custom Stuff",
	"model": "immersiverailroading:models/locomotives/c1frieght/c1frieght.obj",

	"darken_model": "-0.05",
	"properties": {
		"max_psi": 170,
		"water_capacity_l": 20000,
		"horsepower": 1820,
		"tractive_effort_lbf": 21020, #keep testing pulling power -- Should NOT be able to pull twenty slag cars with a tender. Good number is twelve
		"max_speed_kmh": 96.5,
		"valve_gear": "WALSCHAERTS",
		"weight_kg": 55317.3
	},
	"firebox": {
		"slots": 16,
		"width": 4
	},
	"passenger": {
		"slots": 2,
		"center_x": -4.8,
		"center_y": 1.7, #'might have to play around with this'
		"length": 1.5,
		"width": 3,
		"should_sit": false
	},
	"trucks": {
		"front": 5.55,
		"rear": -4.6
	},
	"couplers": {
		"front_offset": 0,
		"rear_offset": -0
	}
}
