{
	"era": "diesel",
	"name": "E Class DMU",
	"works": "Lerenia Tractive Works",
	"modeler": "Cinnabyn",
	"pack": "",
	"model": "immersiverailroading:models/locomotives/eclassdmu/eclassdmu.obj",
	"model_gauge_m": 0.632,
	"darken_model": "0",
	"properties": {
		"fuel_efficiency_%": 82,
		"fuel_capacity_l": 3000,
		"horsepower": 255,
		"tractive_effort_lbf": 1070,
		"max_speed_kmh": 70,
		"weight_kg": 7257.48
	},
	"passenger": {
		"slots": 25,
		"center_x": 0,
		"center_y": 1.4,
		"length": 7,
		"width": 1.5,
		"should_sit": true
	},
	"trucks": {
		"front": 8.52,
		"rear": -7.41
	},
	"couplers": {
		"front_offset": 0,
		"rear_offset": 0

	},
	"sounds": {
		"idle": "sounds/diesel/eclassdmu/eclassidle.ogg",
		"horn": "sounds/diesel/eclassdmu/eclasshorn.ogg"
	}

}
